fold,model,n,frauds,base_rate,accuracy,auc,ap,k,frauds_caught,precision,stopped_inr,genuine_held,net_inr,net_per_checked,gross_per_checked,net_per_checked_with_contact
A: Q1-26 (old regime),predict-everything-legit,2162,22,0.010175763182238668,0.9898242368177613,0.5,0.010175763182238668,120,0,0.0,0.0,120,-45600.0,-380.0,0.0,-640.0
A: Q1-26 (old regime),random,2162,22,0.010175763182238668,0.5027752081406105,0.5043967714528462,0.013754338614523267,120,2,0.016666666666666666,21394.0,118,-23446.0,-195.38333333333333,178.28333333333333,-455.3833333333333
A: Q1-26 (old regime),rule: partner's past fraud rate,2162,22,0.010175763182238668,0.9898242368177613,0.8575934579439253,0.22668934348244102,120,16,0.13333333333333333,125270.0,104,85750.0,714.5833333333334,1043.9166666666667,454.5833333333333
A: Q1-26 (old regime),logistic,2162,22,0.010175763182238668,0.9925994449583718,0.8756584536958368,0.6088277528373957,120,16,0.13333333333333333,125270.0,104,85750.0,714.5833333333334,1043.9166666666667,454.5833333333333
A: Q1-26 (old regime),gradient boosting,2162,22,0.010175763182238668,0.9953746530989824,0.8899107901444351,0.7234363807315357,120,16,0.13333333333333333,125270.0,104,85750.0,714.5833333333334,1043.9166666666667,454.5833333333333
A: Q1-26 (old regime),FINAL: blend,2162,22,0.010175763182238668,0.9958371877890841,0.8946261682242991,0.7199094198820255,120,16,0.13333333333333333,125270.0,104,85750.0,714.5833333333334,1043.9166666666667,454.5833333333333
B: Apr-Jun 26 (shift lands mid-window),predict-everything-legit,2131,45,0.02111684655091506,0.9788831534490849,0.5,0.02111684655091506,120,1,0.008333333333333333,1199.0,119,-44021.0,-366.84166666666664,9.991666666666667,-626.8416666666667
B: Apr-Jun 26 (shift lands mid-window),random,2131,45,0.02111684655091506,0.5096198967620835,0.5023010546500479,0.022843599545760762,120,3,0.025,4111.0,117,-40349.0,-336.2416666666667,34.25833333333333,-596.2416666666667
B: Apr-Jun 26 (shift lands mid-window),rule: partner's past fraud rate,2131,45,0.02111684655091506,0.9788831534490849,0.7320336635772877,0.05230865426143719,120,4,0.03333333333333333,18196.0,116,-25884.0,-215.7,151.63333333333333,-475.7
B: Apr-Jun 26 (shift lands mid-window),logistic,2131,45,0.02111684655091506,0.9760675739089629,0.4690316395014382,0.07464516590997496,120,4,0.03333333333333333,18251.0,116,-25829.0,-215.24166666666667,152.09166666666667,-475.2416666666667
B: Apr-Jun 26 (shift lands mid-window),gradient boosting,2131,45,0.02111684655091506,0.97653683716565,0.47457654202620647,0.03738509457637801,120,4,0.03333333333333333,18141.0,116,-25939.0,-216.15833333333333,151.175,-476.15833333333336
B: Apr-Jun 26 (shift lands mid-window),FINAL: blend,2131,45,0.02111684655091506,0.97653683716565,0.47804410354745924,0.06262094524837994,120,4,0.03333333333333333,18141.0,116,-25939.0,-216.15833333333333,151.175,-476.15833333333336
"C: Jun 26 (new regime, trained thru May)",predict-everything-legit,713,22,0.030855539971949508,0.9691444600280505,0.5,0.030855539971949508,40,1,0.025,1995.0,39,-12825.0,-320.625,49.875,-580.625
"C: Jun 26 (new regime, trained thru May)",random,713,22,0.030855539971949508,0.5273492286115007,0.5177608209446125,0.03242196029091611,40,0,0.0,0.0,40,-15200.0,-380.0,0.0,-640.0
"C: Jun 26 (new regime, trained thru May)",rule: partner's past fraud rate,713,22,0.030855539971949508,0.9691444600280504,0.8215037495066438,0.12331694012939835,40,3,0.075,5315.0,37,-8745.0,-218.625,132.875,-478.625
"C: Jun 26 (new regime, trained thru May)",logistic,713,22,0.030855539971949508,0.9663394109396914,0.8971845809761874,0.4274032447939173,40,12,0.3,18174.0,28,7534.0,188.35,454.35,-71.65
"C: Jun 26 (new regime, trained thru May)",gradient boosting,713,22,0.030855539971949508,0.9663394109396914,0.7709511906328114,0.18837871133338396,40,10,0.25,13560.0,30,2160.0,54.0,339.0,-206.0
"C: Jun 26 (new regime, trained thru May)",FINAL: blend,713,22,0.030855539971949508,0.97054698457223,0.8786343902118143,0.3710357556258397,40,14,0.35,20081.0,26,10201.0,255.025,502.025,-4.975
