claim_id,submitted_at,partner_id,sku,product_serial,days_since_purchase,claim_amount_inr,photo_attached,partner_inspected,claim_description,inspector_note,customer_prior_claims,source,ts,score,p_cal
WC711887,2026-07-22 00:05,SP3129,KH-CF-01,KH746136072,131,1995.0,Y,N,blade jammed,,2,crm,2026-07-22 00:05:00,0.8679185484576539,0.9238317977418175
WC712180,2026-08-02 14:19,SP3319,KH-IC-02,KH-938871662,151,1831.0,Y,N,remote not working,,1,crm,2026-08-02 14:19:00,0.8129847670422863,0.88584225959743
WC712669,2026-08-23 17:22,SP3160,KH-CF-03, KH951564083,252,1044.0,Y,N,filter indicator stuck,,2,crm,2026-08-23 17:22:00,0.7152313401925794,0.8109079562072391
WC713191,2026-09-13 10:48,SP3232,KH-RH-02,KH-125850102,83,1907.0,Y,N,loud noise while running,,0,crm,2026-09-13 10:48:00,0.6981623008388532,0.796875770358809
WC712918,2026-09-03 07:44,SP3232,KH-MG-01,KH849233130,101,1695.0,Y,N,blade jammed,,0,crm,2026-09-03 07:44:00,0.6694226713492702,0.7726121696293177
WC712329,2026-08-09 06:46,SP3232,KH-RH-03, KH765468793,62,1933.0,N,N,power button not working,,0,crm,2026-08-09 06:46:00,0.6449562556129556,0.7513239273664184
WC712735,2026-08-26 11:10,SP3160,KH-IC-01,KH942668679,292,1210.0,Y,N,loud noise while running,,1,crm,2026-08-26 11:10:00,0.6438451113659635,0.7503432688353963
WC712226,2026-08-04 07:19,SP3232,KH-MG-01,KH810280664,242,1724.0,N,N,water leaking,,0,crm,2026-08-04 07:19:00,0.6428148044102103,0.7494328773314489
WC712659,2026-08-23 09:45,SP3160,KH-IC-03,KH216577264,91,1282.0,N,N,display not working,,1,crm,2026-08-23 09:45:00,0.6325948941190351,0.7403462570781321
WC713020,2026-09-07 08:27,SP3160,KH-RH-02,KH558134995,359,1828.0,Y,N,power button not working,,0,crm,2026-09-07 08:27:00,0.599650878454945,0.7103582966468315
WC712780,2026-08-28 10:50,SP3160,KH-WP-02,KH695571673,109,1680.0,N,N,burning smell,,1,crm,2026-08-28 10:50:00,0.5953651833415431,0.7063786605564737
WC712012,2026-07-27 08:07,SP3232,KH-CF-02,KH549397174,15,1144.0,Y,N,filter indicator stuck,,0,crm,2026-07-27 08:07:00,0.5430446652906358,0.6563280371497423
WC712477,2026-08-15 15:49,SP3160,KH-CF-01,KH126638834,545,930.0,Y,N,remote not working,,2,crm,2026-08-15 15:49:00,0.5365615961161656,0.649936653098771
WC713573,2026-09-29 18:37,SP3160,KH-CF-03,KH945320144,98,962.0,Y,N,unit not heating,,0,crm,2026-09-29 18:37:00,0.5091851157133102,0.6224840380350246
WC712806,2026-08-29 12:16,SP3129,KH-CF-02,KH345556708,607,3001.0,N,Y,tripping mcb,"Minor fault, part swapped",1,crm,2026-08-29 12:16:00,0.4981425546668543,0.6111982931414562
WC711752,2026-07-16 00:50,SP3160,KH-AF-01,KH-560332748,192,1841.0,N,N,motor not running,,0,crm,2026-07-16 00:50:00,0.495780119191677,0.6087679465926656
WC711935,2026-07-24 06:31,SP3232,KH-CF-03,KH379827585,192,1083.0,Y,N,remote not working,,0,crm,2026-07-24 06:31:00,0.4670018877991889,0.5787125092991122
WC711658,2026-07-12 03:17,SP3160,KH-RV-03,KH169352684,157,1995.0,N,N,filter indicator stuck,,0,crm,2026-07-12 03:17:00,0.4446568725213961,0.5548020647400962
WC711686,2026-07-13 09:31,SP3232,KH-RV-03,KH420684310,276,1063.0,N,N,unit not heating,,0,crm,2026-07-13 09:31:00,0.4341520434127826,0.5433881116583705
WC713497,2026-09-26 05:57,SP3319,KH-IC-01,KH419230016,64,1180.0,Y,N,power button not working,,1,crm,2026-09-26 05:57:00,0.43221960866441755,0.541276389236743
WC713223,2026-09-14 20:29,SP3232,KH-CF-03,kh465224373,207,799.0,Y,N,unit not heating,,0,crm,2026-09-14 20:29:00,0.426322060820379,0.5348085498527845
WC711566,2026-07-08 20:22,SP3232,KH-WP-02,KH704539105,259,1740.0,Y,N,not charging,,0,crm,2026-07-08 20:22:00,0.41424857862629916,0.5214590242408987
WC713056,2026-09-08 22:58,SP3318,KH-IC-01,KH-521354671,46,1461.0,N,N,unit not heating,,0,crm,2026-09-08 22:58:00,0.40752440682442526,0.5139610578034164
WC713040,2026-09-08 00:12,SP3129,KH-CF-02, KH672623343,35,1000.0,N,N,motor not running,,1,crm,2026-09-08 00:12:00,0.3832612997162637,0.4865319281113192
WC712972,2026-09-05 09:01,SP3129,KH-CF-02,KH941466170,295,1995.0,Y,N,remote not working,,0,crm,2026-09-05 09:01:00,0.3650511292189115,0.4655633332887206
WC713342,2026-09-20 07:52,SP3232,KH-AF-02,KH131324347,284,706.0,Y,N,burning smell,,0,crm,2026-09-20 07:52:00,0.36424215371182805,0.46462426477185265
WC711908,2026-07-22 18:23,SP3319,KH-IC-02, KH136584773,198,1003.0,Y,N,burning smell,,1,crm,2026-07-22 18:23:00,0.3530929691018504,0.4516171032520495
WC712921,2026-09-03 08:45,SP3129,KH-CF-03,KH-140910962,109,1182.0,Y,N,burning smell,,1,crm,2026-09-03 08:45:00,0.3487221612614949,0.44648493387522115
WC711946,2026-07-24 19:38,SP3129,KH-CF-03,KH-890290613,12,1995.0,Y,N,unit not heating,,0,crm,2026-07-24 19:38:00,0.3095941189038133,0.39972565421179035
WC712739,2026-08-26 16:30,SP3319,KH-RH-02,KH430313001,88,1113.0,Y,N,burning smell,,0,crm,2026-08-26 16:30:00,0.2555673504407414,0.332840094285168
WC712642,2026-08-22 15:20,SP3103,KH-IC-03,KH-608596396,173,3643.0,Y,Y,tripping mcb,Motor winding failure confirmed,0,crm,2026-08-22 15:20:00,0.24721248951437205,0.3222692294304568
WC712734,2026-08-26 11:06,SP3307,KH-WP-03,KH502074862,258,1366.0,Y,N,burning smell,,3,crm,2026-08-26 11:06:00,0.23533193473096561,0.30713846460662336
WC713118,2026-09-10 22:10,SP3160,KH-MG-03,KH433068730,556,828.0,N,N,power button not working,,0,crm,2026-09-10 22:10:00,0.2219334341554443,0.28993958451089163
WC713155,2026-09-12 01:40,SP3357,KH-RH-01,KH440399013,232,1453.0,Y,N,display not working,,1,crm,2026-09-12 01:40:00,0.22051405815257918,0.28810948924256574
WC713515,2026-09-27 06:24,SP3287,KH-WP-01, KH513708465,81,1995.0,Y,N,display not working,,2,crm,2026-09-27 06:24:00,0.22044837013029417,0.2880247563517802
WC712308,2026-08-07 18:35,SP3300,KH-IC-02,kh857870939,29,1898.0,Y,N,loud noise while running,,1,crm,2026-08-07 18:35:00,0.2188950480597336,0.2860201314487321
WC713098,2026-09-10 04:22,SP3129,KH-RH-03,KH644728863,246,1048.0,Y,N,loud noise while running,,1,crm,2026-09-10 04:22:00,0.213363634605812,0.2788669657541302
WC713403,2026-09-22 23:58,SP3300,KH-RV-01,KH941972928,180,991.0,Y,N,power button not working,,2,crm,2026-09-22 23:58:00,0.21021463892766237,0.2747846447758461
WC713117,2026-09-10 20:36,SP3129,KH-RH-02,KH946326370,9,1176.0,N,N,filter indicator stuck,,0,crm,2026-09-10 20:36:00,0.20974328702325717,0.2741729693634084
WC712640,2026-08-22 13:20,SP3129,KH-WP-01,KH-135137318,141,1142.0,Y,N,not charging,,1,crm,2026-08-22 13:20:00,0.206073202309069,0.2694048214253341
WC712380,2026-08-11 13:06,SP3319,KH-AF-01, KH992048064,149,1126.0,Y,N,display not working,,0,crm,2026-08-11 13:06:00,0.19079022052935773,0.24944853437841408
WC712813,2026-08-29 20:34,SP3287,KH-WP-03,KH245400451,186,1065.0,N,N,remote not working,,1,crm,2026-08-29 20:34:00,0.18692341393440332,0.2443746389180996
WC711818,2026-07-19 03:31,SP3319,KH-CF-01,KH920458049,599,1423.0,Y,N,not charging,,0,crm,2026-07-19 03:31:00,0.1827268282091768,0.2388572830253278
WC712990,2026-09-05 21:19,SP3300,KH-RH-01,KH317431906,301,1236.0,Y,N,not charging,,1,crm,2026-09-05 21:19:00,0.18040563738323548,0.23580087162238242
WC712938,2026-09-04 01:12,SP3319,KH-RV-01,KH-202967928,127,1995.0,Y,N,filter indicator stuck,,0,crm,2026-09-04 01:12:00,0.1777031518192126,0.23223828544467573
WC712493,2026-08-16 05:00,SP3319,KH-WP-02,kh485569043,112,1310.0,Y,N,not charging,,0,crm,2026-08-16 05:00:00,0.1556608223213968,0.20302802765585737
WC712801,2026-08-29 10:01,SP3252,KH-IC-03, KH582277140,294,1592.0,N,N,blade jammed,,2,crm,2026-08-29 10:01:00,0.15396882956790345,0.20077554284520643
WC711497,2026-07-06 05:30,SP3319,KH-IC-02,KH308822632,337,898.0,N,N,remote not working,,0,crm,2026-07-06 05:30:00,0.15265776335736442,0.19902926106616087
WC713027,2026-09-07 14:23,SP3287,KH-RV-03,KH210335517,129,746.0,N,N,motor not running,,0,crm,2026-09-07 14:23:00,0.1426776250479294,0.1857117311421848
WC713331,2026-09-19 16:16,SP3252,KH-RH-02,KH940538722,265,1817.0,N,N,power button not working,,0,crm,2026-09-19 16:16:00,0.13656497876282037,0.17753567191579472
WC712186,2026-08-02 19:27,SP3129,KH-WP-01,KH668644829,195,1995.0,N,N,unit not heating,,0,crm,2026-08-02 19:27:00,0.1347154760636546,0.17505927888580244
WC713508,2026-09-26 23:17,SP3307,KH-WP-01,KH458362785,158,1642.0,N,N,burning smell,,1,crm,2026-09-26 23:17:00,0.13189746368939262,0.17128399834023453
WC712402,2026-08-12 11:07,SP3236,KH-IC-03, KH962023814,48,1995.0,Y,N,motor not running,,1,crm,2026-08-12 11:07:00,0.12801631503417432,0.16608059712762593
WC712665,2026-08-23 15:38,SP3001,KH-RH-01,KH820558471,130,1565.0,Y,N,motor not running,,3,crm,2026-08-23 15:38:00,0.1260179995663017,0.16339989678639572
WC712254,2026-08-05 08:05,SP3160,KH-RV-01,kh472488298,96,4619.0,N,Y,unit not heating,Motor winding failure confirmed,1,crm,2026-08-05 08:05:00,0.1251863057934364,0.1622839020174669
WC712478,2026-08-15 17:06,SP3287,KH-AF-01,KH466184094,206,929.0,N,N,unit not heating,,1,crm,2026-08-15 17:06:00,0.1175843378981492,0.1520763721507005
WC713224,2026-09-14 21:22,SP3318,KH-AF-02,KH464018488,87,774.0,N,N,not charging,,2,crm,2026-09-14 21:22:00,0.11753253804090041,0.15200678052312444
WC713528,2026-09-27 20:20,SP3300,KH-AF-01,KH308803008,193,1959.0,N,N,unit not heating,,1,crm,2026-09-27 20:20:00,0.1163323038112887,0.15039418089777962
WC713157,2026-09-12 02:04,SP3316,KH-RV-02,KH111772779,269,680.0,N,N,water leaking,,0,crm,2026-09-12 02:04:00,0.1154150361370284,0.14916162020261695
WC713222,2026-09-14 20:09,SP3318,KH-WP-01,KH517692092,136,1258.0,Y,N,display not working,,1,crm,2026-09-14 20:09:00,0.10076944923144837,0.12947192679604647
WC712435,2026-08-13 22:55,SP3184,KH-RV-01,KH293114816,333,1321.0,Y,N,tripping mcb,,2,crm,2026-08-13 22:55:00,0.10006065174107388,0.1285188957419319
WC713122,2026-09-10 23:19,SP3129,KH-RV-01,KH919262245,84,1349.0,Y,N,motor not running,,0,crm,2026-09-10 23:19:00,0.09865872700213114,0.12663398058685515
WC712294,2026-08-07 05:31,SP3300,KH-IC-01,KH621569206,99,1459.0,N,N,unit not heating,,0,crm,2026-08-07 05:31:00,0.097947462865233,0.1256777212703473
WC712159,2026-08-01 23:12,SP3307,KH-RV-03,kh466406551,181,1379.0,Y,N,tripping mcb,,0,crm,2026-08-01 23:12:00,0.09659187681680598,0.12385531817838749
WC712425,2026-08-13 16:03,SP3300,KH-AF-02,KH110141850,295,839.0,N,N,display not working,,1,crm,2026-08-13 16:03:00,0.09466916836773942,0.1212708160288519
WC711371,2026-07-01 23:41,SP3346,KH-MG-03,KH713540066,35,1156.0,Y,N,unit not heating,,0,crm,2026-07-01 23:41:00,0.09305313208294647,0.11909890387838083
WC713367,2026-09-21 11:46,SP3236,KH-WP-03,KH-937153882,206,800.0,Y,N,tripping mcb,,0,crm,2026-09-21 11:46:00,0.09129396875571505,0.11673509004778186
WC713514,2026-09-27 06:00,SP3318,KH-RV-01, KH781327289,290,1443.0,Y,N,power button not working,,1,crm,2026-09-27 06:00:00,0.09078884192317052,0.11605644364176136
WC713213,2026-09-14 07:38,SP3236,KH-RV-03,KH382373048,251,877.0,Y,N,unit not heating,,0,crm,2026-09-14 07:38:00,0.08922702894448277,0.11395843779472643
WC712810,2026-08-29 17:13,SP3252,KH-WP-03,KH341797713,97,1304.0,Y,N,remote not working,,0,crm,2026-08-29 17:13:00,0.08920287717833834,0.11392599835570766
WC712000,2026-07-27 01:37,SP3307,KH-AF-02,KH618785062,99,1995.0,Y,N,water leaking,,1,crm,2026-07-27 01:37:00,0.08850028830016084,0.1129823725853866
WC712692,2026-08-24 13:15,SP3232,KH-WP-02,KH993222286,7,3075.0,Y,Y,not charging,"Customer has bill, serial verified",0,crm,2026-08-24 13:15:00,0.08591513752707564,0.10951135438959023
WC713452,2026-09-24 18:08,SP3346,KH-MG-02,KH430389584,57,1719.0,Y,N,not charging,,0,crm,2026-09-24 18:08:00,0.08536102019682969,0.10876758312416593
WC712578,2026-08-19 21:02,SP3160,KH-MG-02,kh605849073,365,2074.0,Y,Y,not charging,"Minor fault, part swapped",0,crm,2026-08-19 21:02:00,0.08315567986705899,0.10580833455315267
WC713362,2026-09-21 06:29,SP3129,KH-RV-02,KH335478557,279,7494.0,N,Y,remote not working,Motor winding failure confirmed,1,crm,2026-09-21 06:29:00,0.08048262859531656,0.10222363623170781
WC711755,2026-07-16 01:45,SP3252,KH-MG-02,KH963313193,170,862.0,N,N,loud noise while running,,0,crm,2026-07-16 01:45:00,0.07847071242000467,0.09952732373460901
WC713071,2026-09-09 08:12,SP3252,KH-CF-02,KH540964143,96,1473.0,Y,N,display not working,,0,crm,2026-09-09 08:12:00,0.07784135061978385,0.09868421366939358
WC713571,2026-09-29 18:15,SP3318,KH-AF-01, KH531170950,336,890.0,Y,N,burning smell,,1,crm,2026-09-29 18:15:00,0.07609899068142746,0.0963510179214591
WC711427,2026-07-04 00:27,SP3307,KH-IC-02,KH614197282,53,1725.0,N,N,power button not working,,0,crm,2026-07-04 00:27:00,0.07552642345372601,0.09558460105119056
WC713032,2026-09-07 18:20,SP3319,KH-WP-01,KH476872249,21,3239.0,Y,Y,filter indicator stuck,"Customer has bill, serial verified",0,crm,2026-09-07 18:20:00,0.07301174997204124,0.09222050321226431
WC713413,2026-09-23 08:27,SP3318,KH-RV-03,KH476815766,74,3281.0,Y,N,burning smell,,1,crm,2026-09-23 08:27:00,0.07154151817653094,0.09025522238001908
WC712271,2026-08-06 03:37,SP3252,KH-CF-03,kh834171174,391,1106.0,Y,N,tripping mcb,,1,crm,2026-08-06 03:37:00,0.07150245982239212,0.09020302931752004
WC711701,2026-07-14 00:03,SP3184,KH-MG-01,KH519014583,484,1698.0,Y,N,blade jammed,,1,crm,2026-07-14 00:03:00,0.06936879219849496,0.08735323707294981
WC712076,2026-07-29 11:23,SP3252,KH-AF-03,KH910870371,68,1954.0,N,N,unit not heating,,0,crm,2026-07-29 11:23:00,0.06868699261038329,0.08644320550348088
WC713392,2026-09-22 11:40,SP3129,KH-IC-01,KH853313318,31,407.0,Y,N,remote not working,,0,crm,2026-09-22 11:40:00,0.06860650954124783,0.08633580076795891
WC713546,2026-09-28 05:51,SP3318,KH-CF-01,KH628128985,39,852.0,Y,N,blade jammed,,0,crm,2026-09-28 05:51:00,0.06505432710580965,0.08159986987912105
WC712892,2026-09-02 08:15,SP3344,KH-AF-03,KH150383884,222,1193.0,N,N,blade jammed,,0,crm,2026-09-02 08:15:00,0.06410801807887394,0.08033977170810208
WC712073,2026-07-29 08:22,SP3191,KH-CF-03,KH858795591,516,1517.0,N,N,blade jammed,,1,crm,2026-07-29 08:22:00,0.06366997399341806,0.07975671290582619
WC711664,2026-07-12 08:25,SP3305,KH-MG-02,KH412830950,383,1738.0,Y,N,blade jammed,,2,crm,2026-07-12 08:25:00,0.06345825167599098,0.07947495480217516
WC711767,2026-07-16 17:47,SP3318,KH-WP-03,kh800559681,212,993.0,N,N,loud noise while running,,0,crm,2026-07-16 17:47:00,0.06299876182399902,0.07886359500766393
WC712697,2026-08-24 22:13,SP3229,KH-CF-01,KH227417678,521,1457.0,Y,N,burning smell,,1,crm,2026-08-24 22:13:00,0.06293250201222167,0.07877544935437586
WC712027,2026-07-27 21:25,SP3318,KH-RV-03, KH715444539,41,1469.0,Y,N,burning smell,,0,crm,2026-07-27 21:25:00,0.06286994058260766,0.0786922269949755
WC712491,2026-08-16 04:25,SP3184,KH-AF-02,KH103705706,110,918.0,N,N,motor not running,,0,crm,2026-08-16 04:25:00,0.06254428176631106,0.07825907170150888
WC712227,2026-08-04 08:35,SP3307,KH-IC-03,KH-618450130,209,1812.0,N,N,blade jammed,,0,crm,2026-08-04 08:35:00,0.06211429841194734,0.0776872916334939
WC711823,2026-07-19 07:08,SP3009,KH-RH-02,KH901542670,82,1995.0,Y,N,blade jammed,,1,crm,2026-07-19 07:08:00,0.061813098489979776,0.07728685778286491
WC712465,2026-08-15 01:38,SP3316,KH-IC-02,KH561137264,270,1567.0,N,N,not charging,,0,crm,2026-08-15 01:38:00,0.06164363076900252,0.07706159115295486
WC712751,2026-08-27 04:29,SP3191,KH-WP-02,KH-263072348,169,1820.0,Y,N,burning smell,,0,crm,2026-08-27 04:29:00,0.06018184946871621,0.07511955361109743
WC712486,2026-08-15 20:56,SP3239,KH-CF-01,kh521669175,688,1696.0,Y,N,not charging,,2,crm,2026-08-15 20:56:00,0.05998470961430598,0.07485779235044922
WC713205,2026-09-14 01:13,SP3307,KH-WP-01,KH-792934419,148,1626.0,Y,N,power button not working,,0,crm,2026-09-14 01:13:00,0.05651351304887724,0.07025486748136481
WC712057,2026-07-28 22:26,SP3090,KH-MG-01,KH891664761,708,755.0,N,N,motor not running,,1,crm,2026-07-28 22:26:00,0.05649764624729407,0.0702338553416604
WC713048,2026-09-08 06:06,SP3252,KH-CF-03,KH743942013,251,1984.0,Y,N,filter indicator stuck,,0,crm,2026-09-08 06:06:00,0.0549096437533599,0.06813224979818645
WC713300,2026-09-18 15:16,SP3307,KH-AF-01,KH341600352,73,1078.0,Y,N,tripping mcb,,0,crm,2026-09-18 15:16:00,0.054041093689478945,0.06698396057899121
WC712556,2026-08-18 22:39,SP3252,KH-WP-02,KH923526155,277,1894.0,Y,N,water leaking,,0,crm,2026-08-18 22:39:00,0.05324323848748492,0.06592989565458603
WC712749,2026-08-27 03:25,SP3346,KH-WP-01,KH-395937742,304,1341.0,N,N,display not working,,0,crm,2026-08-27 03:25:00,0.052973953068563714,0.06557430464940221
WC712358,2026-08-10 15:20,SP3318,KH-AF-03,KH934726582,35,1020.0,N,N,motor not running,,0,crm,2026-08-10 15:20:00,0.052856629605464445,0.06541940610975892
WC711670,2026-07-12 15:15,SP3318,KH-AF-01,KH355861834,36,1005.0,Y,N,burning smell,,0,crm,2026-07-12 15:15:00,0.05276603792531804,0.06529981196031864
WC712546,2026-08-18 14:14,SP3300,KH-AF-02,KH952392403,227,1164.0,Y,N,motor not running,,0,crm,2026-08-18 14:14:00,0.051795070223080567,0.06401861789721215
WC712067,2026-07-29 04:19,SP3252,KH-MG-01,KH114726571,136,946.0,Y,N,remote not working,,0,crm,2026-07-29 04:19:00,0.05122013632308928,0.06326054005197608
WC713289,2026-09-17 15:12,SP3039,KH-CF-03,KH894088143,41,1396.0,N,N,tripping mcb,,2,crm,2026-09-17 15:12:00,0.04947884412019136,0.06096715268994175
WC712261,2026-08-05 14:38,SP3350,KH-CF-01,KH295244746,197,1688.0,Y,N,not charging,,0,crm,2026-08-05 14:38:00,0.04882908858368307,0.060112418653742276
WC712676,2026-08-23 23:44,SP3223,KH-IC-02,KH405761913,68,1347.0,Y,N,unit not heating,,0,crm,2026-08-23 23:44:00,0.04787354611316994,0.05885649266371919
WC712955,2026-09-04 18:51,SP3287,KH-MG-02,KH921260374,210,1236.0,Y,N,loud noise while running,,0,crm,2026-09-04 18:51:00,0.04709820212659078,0.05783836773173897
WC711410,2026-07-03 07:46,SP3375,KH-MG-01,KH593053229,635,1995.0,Y,N,blade jammed,,1,crm,2026-07-03 07:46:00,0.04644814612743429,0.05698544050715794
WC711370,2026-07-01 22:58,SP3001,KH-RH-01,KH867990704,118,1780.0,N,N,loud noise while running,,1,crm,2026-07-01 22:58:00,0.0454280440120839,0.05564826709150289
WC713325,2026-09-19 11:00,SP3307,KH-WP-02,KH446000151,313,1995.0,Y,N,burning smell,,0,crm,2026-09-19 11:00:00,0.04423899536369629,0.054091684751808616
WC713397,2026-09-22 19:07,SP3287,KH-AF-01,KH216847298,232,1691.0,Y,N,blade jammed,,0,crm,2026-09-22 19:07:00,0.042252556705406924,0.051496418263777564
WC712343,2026-08-10 00:05,SP3095,KH-MG-03,KH148243290,168,724.0,N,N,filter indicator stuck,,0,crm,2026-08-10 00:05:00,0.039577941274441274,0.048013043096071704
WC713264,2026-09-16 14:37,SP3304,KH-CF-01,KH921076022,72,1995.0,N,N,motor not running,,1,crm,2026-09-16 14:37:00,0.037893522191389334,0.04582627825178092
WC712080,2026-07-29 14:36,SP3010,KH-CF-01,kh663599784,103,808.0,N,N,burning smell,,0,crm,2026-07-29 14:36:00,0.037474700886536594,0.04528344157646095
WC711964,2026-07-25 13:39,SP3103,KH-MG-02,KH744651381,51,2088.0,Y,Y,water leaking,"Customer has bill, serial verified",0,crm,2026-07-25 13:39:00,0.03687004657761178,0.04450039254124939
