partner_id,p_n_prior,p_fraud_prior,p_vol_90d,p_near_thr_share,p_uninsp_share,p_small_share,p_fraud_recent,p_su_n,p_su_fraud,p_su_rate_sm,p_fraud_rate_sm
SP3000,7.0,0.0,8.0,0.0,0.5,0.625,0.0,3.0,0.0,0.023076923076923075,0.008888888888888889
SP3001,31.0,0.0,6.0,0.0,0.16666666666666666,0.3333333333333333,0.0,1.0,0.0,0.02727272727272727,0.004705882352941176
SP3002,34.0,0.0,7.0,0.2857142857142857,0.5714285714285714,0.8571428571428571,0.0,3.0,0.0,0.023076923076923075,0.0044444444444444444
SP3003,30.0,0.0,3.0,0.0,0.6666666666666666,1.0,0.0,0.0,0.0,0.03,0.0048
SP3004,36.0,0.0,2.0,0.0,1.0,1.0,0.0,4.0,0.0,0.02142857142857143,0.004285714285714286
SP3005,26.0,0.0,3.0,0.3333333333333333,0.3333333333333333,0.6666666666666666,0.0,3.0,0.0,0.023076923076923075,0.005217391304347826
SP3006,35.0,0.0,8.0,0.25,0.375,0.625,0.0,3.0,0.0,0.023076923076923075,0.004363636363636364
SP3007,13.0,0.0,8.0,0.375,0.625,0.625,0.0,4.0,0.0,0.02142857142857143,0.007272727272727273
SP3008,28.0,0.0,4.0,0.0,0.5,0.75,0.0,3.0,0.0,0.023076923076923075,0.005
SP3009,14.0,0.0,8.0,0.125,0.625,0.625,0.0,3.0,0.0,0.023076923076923075,0.007058823529411764
SP3010,8.0,0.0,10.0,0.1,0.6,0.6,0.0,3.0,0.0,0.023076923076923075,0.008571428571428572
SP3011,8.0,0.0,8.0,0.375,1.0,1.0,0.0,8.0,0.0,0.016666666666666666,0.008571428571428572
SP3012,47.0,0.0,9.0,0.1111111111111111,0.3333333333333333,0.7777777777777778,0.0,4.0,0.0,0.02142857142857143,0.003582089552238806
SP3013,37.0,0.0,8.0,0.0,0.625,0.625,0.0,6.0,0.0,0.01875,0.004210526315789474
SP3014,3.0,0.0,3.0,0.3333333333333333,0.3333333333333333,0.3333333333333333,0.0,0.0,0.0,0.03,0.010434782608695651
SP3015,34.0,0.0,13.0,0.23076923076923078,0.38461538461538464,0.6923076923076923,0.0,8.0,0.0,0.016666666666666666,0.0044444444444444444
SP3016,33.0,0.0,6.0,0.0,0.8333333333333334,1.0,0.0,4.0,0.0,0.02142857142857143,0.004528301886792453
SP3017,35.0,0.0,6.0,0.0,0.8333333333333334,0.6666666666666666,0.0,5.0,0.0,0.02,0.004363636363636364
SP3018,29.0,1.0,4.0,0.5,1.0,0.75,0.0,1.0,0.0,0.02727272727272727,0.02530612244897959
SP3019,35.0,0.0,9.0,0.2222222222222222,0.4444444444444444,0.6666666666666666,0.0,3.0,0.0,0.023076923076923075,0.004363636363636364
SP3020,30.0,0.0,5.0,0.2,0.8,0.8,0.0,5.0,0.0,0.02,0.0048
SP3021,25.0,0.0,7.0,0.2857142857142857,0.7142857142857143,0.8571428571428571,0.0,5.0,0.0,0.02,0.005333333333333333
SP3022,33.0,0.0,7.0,0.42857142857142855,0.42857142857142855,0.7142857142857143,0.0,5.0,0.0,0.02,0.004528301886792453
SP3023,24.0,0.0,9.0,0.0,0.5555555555555556,0.5555555555555556,0.0,2.0,0.0,0.024999999999999998,0.005454545454545454
SP3024,27.0,0.0,4.0,0.25,0.25,0.75,0.0,3.0,0.0,0.023076923076923075,0.005106382978723404
SP3025,31.0,0.0,6.0,0.0,0.6666666666666666,0.8333333333333334,0.0,5.0,0.0,0.02,0.004705882352941176
SP3026,38.0,0.0,8.0,0.25,0.5,0.625,0.0,5.0,0.0,0.02,0.004137931034482759
SP3027,11.0,1.0,10.0,0.0,0.6,0.9,1.0,4.0,1.0,0.09285714285714286,0.04
SP3028,39.0,0.0,5.0,0.2,0.8,1.0,0.0,2.0,0.0,0.024999999999999998,0.004067796610169492
SP3029,39.0,1.0,8.0,0.125,0.375,0.75,0.0,3.0,0.0,0.023076923076923075,0.02101694915254237
SP3030,32.0,0.0,5.0,0.2,0.8,0.8,0.0,5.0,0.0,0.02,0.004615384615384615
SP3031,21.0,0.0,4.0,0.75,0.75,1.0,0.0,2.0,0.0,0.024999999999999998,0.005853658536585366
SP3032,36.0,0.0,9.0,0.2222222222222222,0.5555555555555556,0.7777777777777778,0.0,6.0,0.0,0.01875,0.004285714285714286
SP3033,35.0,0.0,6.0,0.0,0.3333333333333333,0.3333333333333333,0.0,3.0,0.0,0.023076923076923075,0.004363636363636364
SP3034,40.0,0.0,5.0,0.0,0.4,0.6,0.0,2.0,0.0,0.024999999999999998,0.004
SP3035,28.0,0.0,8.0,0.125,0.5,0.5,0.0,4.0,0.0,0.02142857142857143,0.005
SP3036,32.0,0.0,7.0,0.0,0.42857142857142855,0.7142857142857143,0.0,2.0,0.0,0.024999999999999998,0.004615384615384615
SP3038,35.0,0.0,12.0,0.08333333333333333,0.5833333333333334,0.75,0.0,6.0,0.0,0.01875,0.004363636363636364
SP3039,11.0,0.0,5.0,0.2,0.4,0.6,0.0,2.0,0.0,0.024999999999999998,0.007741935483870968
SP3040,45.0,0.0,6.0,0.16666666666666666,0.6666666666666666,1.0,0.0,5.0,0.0,0.02,0.0036923076923076922
SP3041,37.0,0.0,6.0,0.16666666666666666,0.8333333333333334,1.0,0.0,4.0,0.0,0.02142857142857143,0.004210526315789474
SP3042,38.0,0.0,10.0,0.1,0.6,0.6,0.0,6.0,0.0,0.01875,0.004137931034482759
SP3043,30.0,0.0,7.0,0.2857142857142857,0.7142857142857143,1.0,0.0,5.0,0.0,0.02,0.0048
SP3044,31.0,0.0,6.0,0.0,0.5,0.6666666666666666,0.0,2.0,0.0,0.024999999999999998,0.004705882352941176
SP3045,23.0,0.0,5.0,0.4,0.4,0.6,0.0,3.0,0.0,0.023076923076923075,0.005581395348837209
SP3046,32.0,0.0,,,,,0.0,0.0,0.0,0.03,0.004615384615384615
SP3047,42.0,0.0,8.0,0.25,0.75,0.875,0.0,8.0,0.0,0.016666666666666666,0.003870967741935484
SP3048,18.0,0.0,9.0,0.0,0.4444444444444444,0.6666666666666666,0.0,5.0,0.0,0.02,0.00631578947368421
SP3049,38.0,0.0,4.0,0.0,1.0,1.0,0.0,6.0,0.0,0.01875,0.004137931034482759
SP3050,10.0,0.0,5.0,0.0,0.6,0.6,0.0,2.0,0.0,0.024999999999999998,0.008
SP3051,38.0,0.0,7.0,0.14285714285714285,0.5714285714285714,0.7142857142857143,0.0,3.0,0.0,0.023076923076923075,0.004137931034482759
SP3052,23.0,0.0,4.0,0.0,0.75,1.0,0.0,5.0,0.0,0.02,0.005581395348837209
SP3053,31.0,0.0,7.0,0.2857142857142857,0.5714285714285714,0.5714285714285714,0.0,6.0,0.0,0.01875,0.004705882352941176
SP3054,32.0,0.0,6.0,0.16666666666666666,0.6666666666666666,0.6666666666666666,0.0,6.0,0.0,0.01875,0.004615384615384615
SP3055,32.0,0.0,6.0,0.5,0.6666666666666666,1.0,0.0,4.0,0.0,0.02142857142857143,0.004615384615384615
SP3056,32.0,0.0,5.0,0.2,0.4,0.4,0.0,0.0,0.0,0.03,0.004615384615384615
SP3057,23.0,1.0,3.0,0.0,1.0,1.0,0.0,2.0,0.0,0.024999999999999998,0.02883720930232558
SP3058,30.0,0.0,5.0,0.2,0.4,0.6,0.0,2.0,0.0,0.024999999999999998,0.0048
SP3059,16.0,0.0,5.0,0.4,0.2,1.0,0.0,2.0,0.0,0.024999999999999998,0.006666666666666666
SP3060,27.0,0.0,10.0,0.3,0.8,0.9,0.0,8.0,0.0,0.016666666666666666,0.005106382978723404
SP3061,33.0,1.0,3.0,0.0,0.6666666666666666,1.0,0.0,1.0,0.0,0.02727272727272727,0.02339622641509434
SP3062,31.0,0.0,7.0,0.42857142857142855,0.5714285714285714,0.8571428571428571,0.0,3.0,0.0,0.023076923076923075,0.004705882352941176
SP3063,31.0,0.0,4.0,0.5,0.5,0.75,0.0,1.0,0.0,0.02727272727272727,0.004705882352941176
SP3064,27.0,0.0,5.0,0.2,0.6,1.0,0.0,3.0,0.0,0.023076923076923075,0.005106382978723404
SP3065,28.0,1.0,3.0,0.6666666666666666,1.0,1.0,0.0,3.0,0.0,0.023076923076923075,0.025833333333333333
SP3066,21.0,0.0,6.0,0.3333333333333333,0.8333333333333334,1.0,0.0,5.0,0.0,0.02,0.005853658536585366
SP3067,29.0,0.0,7.0,0.2857142857142857,0.7142857142857143,0.8571428571428571,0.0,3.0,0.0,0.023076923076923075,0.004897959183673469
SP3068,35.0,0.0,6.0,0.3333333333333333,0.6666666666666666,0.8333333333333334,0.0,4.0,0.0,0.02142857142857143,0.004363636363636364
SP3069,33.0,0.0,5.0,0.0,0.8,0.6,0.0,3.0,0.0,0.023076923076923075,0.004528301886792453
SP3070,33.0,0.0,5.0,0.0,0.6,0.8,0.0,2.0,0.0,0.024999999999999998,0.004528301886792453
SP3071,22.0,1.0,7.0,0.2857142857142857,0.7142857142857143,0.8571428571428571,0.0,4.0,0.0,0.02142857142857143,0.029523809523809525
SP3072,37.0,0.0,7.0,0.14285714285714285,0.42857142857142855,0.7142857142857143,0.0,2.0,0.0,0.024999999999999998,0.004210526315789474
SP3073,28.0,0.0,8.0,0.0,0.375,0.875,0.0,3.0,0.0,0.023076923076923075,0.005
SP3074,22.0,0.0,2.0,0.0,1.0,1.0,0.0,3.0,0.0,0.023076923076923075,0.005714285714285714
SP3075,25.0,0.0,1.0,0.0,1.0,1.0,0.0,2.0,0.0,0.024999999999999998,0.005333333333333333
SP3076,28.0,0.0,2.0,0.0,0.0,1.0,0.0,4.0,0.0,0.02142857142857143,0.005
SP3077,30.0,0.0,7.0,0.2857142857142857,0.2857142857142857,0.42857142857142855,0.0,3.0,0.0,0.023076923076923075,0.0048
SP3078,30.0,0.0,2.0,0.0,1.0,1.0,0.0,3.0,0.0,0.023076923076923075,0.0048
SP3079,40.0,0.0,7.0,0.0,0.42857142857142855,0.5714285714285714,0.0,4.0,0.0,0.02142857142857143,0.004
SP3080,27.0,0.0,7.0,0.2857142857142857,0.8571428571428571,1.0,0.0,4.0,0.0,0.02142857142857143,0.005106382978723404
SP3081,24.0,0.0,9.0,0.2222222222222222,0.6666666666666666,0.7777777777777778,0.0,4.0,0.0,0.02142857142857143,0.005454545454545454
SP3082,34.0,0.0,6.0,0.3333333333333333,0.6666666666666666,0.6666666666666666,0.0,3.0,0.0,0.023076923076923075,0.0044444444444444444
SP3083,39.0,0.0,5.0,0.0,0.4,0.4,0.0,3.0,0.0,0.023076923076923075,0.004067796610169492
SP3084,26.0,0.0,4.0,0.0,0.0,0.5,0.0,0.0,0.0,0.03,0.005217391304347826
SP3085,7.0,0.0,3.0,0.3333333333333333,0.6666666666666666,1.0,0.0,3.0,0.0,0.023076923076923075,0.008888888888888889
SP3086,35.0,0.0,7.0,0.42857142857142855,0.42857142857142855,0.8571428571428571,0.0,6.0,0.0,0.01875,0.004363636363636364
SP3087,41.0,0.0,6.0,0.0,0.5,0.6666666666666666,0.0,4.0,0.0,0.02142857142857143,0.003934426229508197
SP3088,28.0,0.0,8.0,0.25,0.5,0.625,0.0,2.0,0.0,0.024999999999999998,0.005
SP3089,32.0,0.0,9.0,0.2222222222222222,0.6666666666666666,0.6666666666666666,0.0,6.0,0.0,0.01875,0.004615384615384615
SP3091,23.0,0.0,2.0,0.5,0.5,0.5,0.0,2.0,0.0,0.024999999999999998,0.005581395348837209
SP3092,28.0,0.0,2.0,0.0,0.5,0.5,0.0,0.0,0.0,0.03,0.005
SP3093,24.0,0.0,6.0,0.3333333333333333,0.6666666666666666,0.6666666666666666,0.0,3.0,0.0,0.023076923076923075,0.005454545454545454
SP3094,36.0,0.0,8.0,0.125,0.75,0.75,0.0,4.0,0.0,0.02142857142857143,0.004285714285714286
SP3095,31.0,10.0,10.0,0.3,0.6,0.6,0.0,3.0,0.0,0.023076923076923075,0.2007843137254902
SP3096,37.0,0.0,8.0,0.0,0.625,0.5,0.0,7.0,0.0,0.01764705882352941,0.004210526315789474
SP3097,40.0,0.0,7.0,0.2857142857142857,0.42857142857142855,0.42857142857142855,0.0,3.0,0.0,0.023076923076923075,0.004
SP3098,29.0,0.0,5.0,0.0,0.8,0.8,0.0,6.0,0.0,0.01875,0.004897959183673469
SP3099,24.0,0.0,5.0,0.0,0.6,0.6,0.0,2.0,0.0,0.024999999999999998,0.005454545454545454
SP3100,31.0,0.0,4.0,0.25,0.5,0.75,0.0,4.0,0.0,0.02142857142857143,0.004705882352941176
SP3101,26.0,0.0,5.0,0.2,0.2,0.4,0.0,3.0,0.0,0.023076923076923075,0.005217391304347826
SP3102,40.0,0.0,6.0,0.0,0.5,0.6666666666666666,0.0,6.0,0.0,0.01875,0.004
SP3103,33.0,9.0,8.0,0.125,0.375,0.375,1.0,1.0,0.0,0.02727272727272727,0.17433962264150943
SP3104,43.0,0.0,8.0,0.25,0.75,0.875,0.0,7.0,0.0,0.01764705882352941,0.0038095238095238095
SP3105,7.0,0.0,7.0,0.14285714285714285,0.2857142857142857,0.7142857142857143,0.0,1.0,0.0,0.02727272727272727,0.008888888888888889
SP3106,43.0,0.0,7.0,0.2857142857142857,0.7142857142857143,0.8571428571428571,0.0,8.0,0.0,0.016666666666666666,0.0038095238095238095
SP3107,1.0,0.0,4.0,0.25,0.5,0.5,0.0,1.0,0.0,0.02727272727272727,0.011428571428571429
SP3108,32.0,0.0,8.0,0.25,0.5,0.75,0.0,4.0,0.0,0.02142857142857143,0.004615384615384615
SP3109,25.0,0.0,7.0,0.2857142857142857,0.5714285714285714,0.7142857142857143,0.0,2.0,0.0,0.024999999999999998,0.005333333333333333
SP3110,36.0,1.0,4.0,0.25,0.75,1.0,0.0,6.0,0.0,0.01875,0.02214285714285714
SP3111,32.0,0.0,8.0,0.25,0.375,0.5,0.0,4.0,0.0,0.02142857142857143,0.004615384615384615
SP3112,30.0,0.0,6.0,0.3333333333333333,0.3333333333333333,0.5,0.0,4.0,0.0,0.02142857142857143,0.0048
SP3113,30.0,0.0,4.0,0.0,0.5,1.0,0.0,3.0,0.0,0.023076923076923075,0.0048
SP3114,32.0,0.0,8.0,0.0,0.5,0.75,0.0,5.0,0.0,0.02,0.004615384615384615
SP3115,17.0,0.0,10.0,0.3,0.6,0.7,0.0,6.0,0.0,0.01875,0.006486486486486486
SP3116,27.0,1.0,4.0,0.25,0.5,0.75,0.0,2.0,0.0,0.024999999999999998,0.026382978723404255
SP3117,35.0,1.0,4.0,0.0,0.75,0.75,0.0,3.0,0.0,0.023076923076923075,0.022545454545454546
SP3118,0.0,0.0,2.0,0.5,1.0,1.0,0.0,0.0,0.0,0.03,0.012
SP3119,39.0,0.0,5.0,0.2,0.4,0.8,0.0,4.0,0.0,0.02142857142857143,0.004067796610169492
SP3120,31.0,0.0,9.0,0.1111111111111111,0.6666666666666666,1.0,0.0,8.0,0.0,0.016666666666666666,0.004705882352941176
SP3121,35.0,1.0,6.0,0.16666666666666666,0.5,0.5,1.0,4.0,1.0,0.09285714285714286,0.022545454545454546
SP3122,35.0,1.0,8.0,0.125,0.625,0.875,0.0,5.0,0.0,0.02,0.022545454545454546
SP3123,22.0,0.0,7.0,0.14285714285714285,0.8571428571428571,0.8571428571428571,0.0,6.0,0.0,0.01875,0.005714285714285714
SP3124,26.0,0.0,6.0,0.16666666666666666,0.6666666666666666,0.8333333333333334,0.0,4.0,0.0,0.02142857142857143,0.005217391304347826
SP3125,29.0,0.0,7.0,0.0,0.42857142857142855,0.7142857142857143,0.0,3.0,0.0,0.023076923076923075,0.004897959183673469
SP3126,23.0,0.0,6.0,0.16666666666666666,0.5,0.5,0.0,2.0,0.0,0.024999999999999998,0.005581395348837209
SP3127,32.0,0.0,2.0,0.5,0.5,0.5,0.0,2.0,0.0,0.024999999999999998,0.004615384615384615
SP3128,35.0,0.0,5.0,0.0,0.4,0.6,0.0,2.0,0.0,0.024999999999999998,0.004363636363636364
SP3129,24.0,4.0,14.0,0.14285714285714285,0.6428571428571429,0.7142857142857143,4.0,8.0,4.0,0.23888888888888887,0.09636363636363637
SP3130,43.0,1.0,7.0,0.0,0.42857142857142855,0.7142857142857143,0.0,6.0,0.0,0.01875,0.019682539682539683
SP3131,27.0,0.0,5.0,0.0,0.6,0.6,0.0,4.0,0.0,0.02142857142857143,0.005106382978723404
SP3132,34.0,0.0,5.0,0.0,0.8,1.0,0.0,5.0,0.0,0.02,0.0044444444444444444
SP3133,38.0,0.0,6.0,0.3333333333333333,0.6666666666666666,0.8333333333333334,0.0,4.0,0.0,0.02142857142857143,0.004137931034482759
SP3134,35.0,0.0,4.0,0.0,0.5,0.75,0.0,5.0,0.0,0.02,0.004363636363636364
SP3135,32.0,0.0,5.0,0.0,0.4,0.6,0.0,1.0,0.0,0.02727272727272727,0.004615384615384615
SP3136,28.0,0.0,5.0,0.4,0.8,0.8,0.0,4.0,0.0,0.02142857142857143,0.005
SP3137,41.0,0.0,3.0,0.0,1.0,1.0,0.0,3.0,0.0,0.023076923076923075,0.003934426229508197
SP3138,31.0,0.0,2.0,0.5,0.5,1.0,0.0,2.0,0.0,0.024999999999999998,0.004705882352941176
SP3139,37.0,0.0,10.0,0.1,0.5,0.8,0.0,7.0,0.0,0.01764705882352941,0.004210526315789474
SP3140,31.0,0.0,8.0,0.25,0.5,0.625,0.0,4.0,0.0,0.02142857142857143,0.004705882352941176
SP3141,35.0,0.0,11.0,0.09090909090909091,0.8181818181818182,0.8181818181818182,0.0,11.0,0.0,0.014285714285714285,0.004363636363636364
SP3142,30.0,0.0,7.0,0.14285714285714285,0.2857142857142857,0.42857142857142855,0.0,3.0,0.0,0.023076923076923075,0.0048
SP3143,30.0,0.0,5.0,0.2,0.8,1.0,0.0,3.0,0.0,0.023076923076923075,0.0048
SP3144,32.0,0.0,10.0,0.0,0.7,0.7,0.0,9.0,0.0,0.015789473684210527,0.004615384615384615
SP3145,22.0,0.0,2.0,0.0,0.0,0.0,0.0,1.0,0.0,0.02727272727272727,0.005714285714285714
SP3146,38.0,0.0,4.0,0.0,0.75,0.75,0.0,2.0,0.0,0.024999999999999998,0.004137931034482759
SP3147,27.0,0.0,3.0,0.6666666666666666,0.6666666666666666,0.6666666666666666,0.0,4.0,0.0,0.02142857142857143,0.005106382978723404
SP3148,35.0,0.0,7.0,0.42857142857142855,0.7142857142857143,0.8571428571428571,0.0,7.0,0.0,0.01764705882352941,0.004363636363636364
SP3149,0.0,0.0,2.0,0.0,1.0,1.0,0.0,0.0,0.0,0.03,0.012
SP3150,41.0,0.0,13.0,0.07692307692307693,0.5384615384615384,0.5384615384615384,0.0,6.0,0.0,0.01875,0.003934426229508197
SP3151,21.0,0.0,6.0,0.3333333333333333,0.6666666666666666,0.8333333333333334,0.0,1.0,0.0,0.02727272727272727,0.005853658536585366
SP3152,32.0,0.0,5.0,0.2,0.2,0.6,0.0,2.0,0.0,0.024999999999999998,0.004615384615384615
SP3153,39.0,0.0,8.0,0.125,0.75,0.875,0.0,7.0,0.0,0.01764705882352941,0.004067796610169492
SP3154,34.0,0.0,3.0,0.0,0.6666666666666666,1.0,0.0,2.0,0.0,0.024999999999999998,0.0044444444444444444
SP3155,21.0,1.0,4.0,0.25,0.5,0.75,0.0,1.0,0.0,0.02727272727272727,0.03024390243902439
SP3156,0.0,0.0,1.0,0.0,1.0,1.0,0.0,0.0,0.0,0.03,0.012
SP3157,30.0,0.0,5.0,0.4,0.6,0.8,0.0,5.0,0.0,0.02,0.0048
SP3158,39.0,0.0,4.0,0.0,0.75,0.75,0.0,3.0,0.0,0.023076923076923075,0.004067796610169492
SP3159,34.0,0.0,5.0,0.0,0.6,0.6,0.0,2.0,0.0,0.024999999999999998,0.0044444444444444444
SP3160,38.0,9.0,19.0,0.21052631578947367,0.631578947368421,0.8947368421052632,9.0,10.0,9.0,0.465,0.15931034482758621
SP3161,32.0,0.0,4.0,0.5,0.75,0.75,0.0,4.0,0.0,0.02142857142857143,0.004615384615384615
SP3162,30.0,0.0,11.0,0.18181818181818182,0.45454545454545453,0.6363636363636364,0.0,4.0,0.0,0.02142857142857143,0.0048
SP3163,39.0,0.0,7.0,0.2857142857142857,0.2857142857142857,0.8571428571428571,0.0,5.0,0.0,0.02,0.004067796610169492
SP3164,30.0,0.0,7.0,0.14285714285714285,0.5714285714285714,0.5714285714285714,0.0,2.0,0.0,0.024999999999999998,0.0048
SP3165,34.0,0.0,4.0,0.0,0.25,0.25,0.0,3.0,0.0,0.023076923076923075,0.0044444444444444444
SP3166,41.0,0.0,7.0,0.14285714285714285,0.42857142857142855,0.7142857142857143,0.0,2.0,0.0,0.024999999999999998,0.003934426229508197
SP3167,30.0,0.0,7.0,0.0,0.5714285714285714,1.0,0.0,4.0,0.0,0.02142857142857143,0.0048
SP3168,43.0,0.0,6.0,0.16666666666666666,0.5,0.6666666666666666,0.0,3.0,0.0,0.023076923076923075,0.0038095238095238095
SP3169,37.0,0.0,7.0,0.2857142857142857,0.7142857142857143,0.8571428571428571,0.0,7.0,0.0,0.01764705882352941,0.004210526315789474
SP3170,7.0,0.0,7.0,0.42857142857142855,0.5714285714285714,0.8571428571428571,0.0,3.0,0.0,0.023076923076923075,0.008888888888888889
SP3171,46.0,0.0,9.0,0.1111111111111111,0.4444444444444444,0.7777777777777778,0.0,5.0,0.0,0.02,0.0036363636363636364
SP3172,28.0,0.0,5.0,0.4,0.6,0.8,0.0,4.0,0.0,0.02142857142857143,0.005
SP3173,29.0,0.0,9.0,0.0,0.3333333333333333,0.4444444444444444,0.0,3.0,0.0,0.023076923076923075,0.004897959183673469
SP3174,3.0,0.0,3.0,0.0,0.6666666666666666,0.6666666666666666,0.0,2.0,0.0,0.024999999999999998,0.010434782608695651
SP3175,40.0,0.0,9.0,0.2222222222222222,0.6666666666666666,0.8888888888888888,0.0,5.0,0.0,0.02,0.004
SP3176,30.0,0.0,10.0,0.1,0.7,0.9,0.0,10.0,0.0,0.015,0.0048
SP3177,34.0,0.0,6.0,0.16666666666666666,0.8333333333333334,1.0,0.0,6.0,0.0,0.01875,0.0044444444444444444
SP3178,40.0,2.0,8.0,0.125,0.5,0.75,0.0,4.0,0.0,0.02142857142857143,0.037333333333333336
SP3179,34.0,0.0,5.0,0.0,0.4,0.4,0.0,2.0,0.0,0.024999999999999998,0.0044444444444444444
SP3180,41.0,0.0,7.0,0.42857142857142855,0.8571428571428571,0.7142857142857143,0.0,4.0,0.0,0.02142857142857143,0.003934426229508197
SP3181,39.0,0.0,4.0,0.0,0.25,0.5,0.0,4.0,0.0,0.02142857142857143,0.004067796610169492
SP3182,34.0,0.0,2.0,0.0,0.0,0.5,0.0,3.0,0.0,0.023076923076923075,0.0044444444444444444
SP3183,32.0,0.0,8.0,0.0,0.625,0.5,0.0,5.0,0.0,0.02,0.004615384615384615
SP3185,39.0,0.0,6.0,0.0,0.6666666666666666,0.8333333333333334,0.0,4.0,0.0,0.02142857142857143,0.004067796610169492
SP3186,32.0,0.0,6.0,0.0,0.5,0.8333333333333334,0.0,7.0,0.0,0.01764705882352941,0.004615384615384615
SP3187,25.0,0.0,3.0,0.3333333333333333,0.3333333333333333,0.6666666666666666,0.0,2.0,0.0,0.024999999999999998,0.005333333333333333
SP3188,31.0,0.0,5.0,0.4,0.8,0.8,0.0,5.0,0.0,0.02,0.004705882352941176
SP3189,32.0,0.0,9.0,0.1111111111111111,0.6666666666666666,0.7777777777777778,0.0,4.0,0.0,0.02142857142857143,0.004615384615384615
SP3190,35.0,0.0,7.0,0.0,0.5714285714285714,0.7142857142857143,0.0,7.0,0.0,0.01764705882352941,0.004363636363636364
SP3192,39.0,0.0,7.0,0.0,0.42857142857142855,0.7142857142857143,0.0,5.0,0.0,0.02,0.004067796610169492
SP3193,39.0,0.0,7.0,0.2857142857142857,0.7142857142857143,0.8571428571428571,0.0,7.0,0.0,0.01764705882352941,0.004067796610169492
SP3194,12.0,0.0,8.0,0.125,0.5,0.5,0.0,2.0,0.0,0.024999999999999998,0.0075
SP3195,28.0,1.0,4.0,0.0,0.25,0.75,0.0,2.0,0.0,0.024999999999999998,0.025833333333333333
SP3196,38.0,0.0,8.0,0.375,0.5,0.875,0.0,5.0,0.0,0.02,0.004137931034482759
SP3197,26.0,1.0,4.0,0.25,0.5,1.0,0.0,2.0,0.0,0.024999999999999998,0.026956521739130435
SP3198,35.0,0.0,4.0,0.5,0.25,0.5,0.0,2.0,0.0,0.024999999999999998,0.004363636363636364
SP3199,52.0,0.0,7.0,0.14285714285714285,0.7142857142857143,0.7142857142857143,0.0,9.0,0.0,0.015789473684210527,0.003333333333333333
SP3200,41.0,0.0,4.0,0.25,0.5,1.0,0.0,2.0,0.0,0.024999999999999998,0.003934426229508197
SP3201,30.0,0.0,6.0,0.5,0.6666666666666666,0.8333333333333334,0.0,2.0,0.0,0.024999999999999998,0.0048
SP3202,42.0,0.0,3.0,0.3333333333333333,0.6666666666666666,1.0,0.0,2.0,0.0,0.024999999999999998,0.003870967741935484
SP3203,25.0,0.0,3.0,0.6666666666666666,1.0,1.0,0.0,5.0,0.0,0.02,0.005333333333333333
SP3204,26.0,1.0,1.0,0.0,1.0,1.0,0.0,1.0,0.0,0.02727272727272727,0.026956521739130435
SP3205,34.0,0.0,6.0,0.3333333333333333,0.5,0.6666666666666666,0.0,2.0,0.0,0.024999999999999998,0.0044444444444444444
SP3206,27.0,0.0,2.0,1.0,0.5,1.0,0.0,1.0,0.0,0.02727272727272727,0.005106382978723404
SP3207,36.0,13.0,7.0,0.14285714285714285,0.5714285714285714,0.42857142857142855,0.0,2.0,0.0,0.024999999999999998,0.23642857142857143
SP3208,32.0,0.0,8.0,0.25,0.75,0.75,0.0,6.0,0.0,0.01875,0.004615384615384615
SP3209,28.0,0.0,6.0,0.16666666666666666,0.16666666666666666,0.6666666666666666,0.0,1.0,0.0,0.02727272727272727,0.005
SP3210,33.0,0.0,4.0,0.25,0.5,0.75,0.0,3.0,0.0,0.023076923076923075,0.004528301886792453
SP3211,41.0,0.0,4.0,0.0,0.5,1.0,0.0,3.0,0.0,0.023076923076923075,0.003934426229508197
SP3212,31.0,0.0,5.0,0.2,0.4,0.4,0.0,4.0,0.0,0.02142857142857143,0.004705882352941176
SP3213,36.0,0.0,7.0,0.14285714285714285,0.42857142857142855,0.8571428571428571,0.0,2.0,0.0,0.024999999999999998,0.004285714285714286
SP3214,29.0,0.0,3.0,0.0,0.0,0.0,0.0,1.0,0.0,0.02727272727272727,0.004897959183673469
SP3215,27.0,0.0,7.0,0.42857142857142855,0.5714285714285714,0.8571428571428571,0.0,4.0,0.0,0.02142857142857143,0.005106382978723404
SP3216,47.0,0.0,5.0,0.2,0.8,0.8,0.0,3.0,0.0,0.023076923076923075,0.003582089552238806
SP3217,40.0,0.0,6.0,0.16666666666666666,0.6666666666666666,0.6666666666666666,0.0,6.0,0.0,0.01875,0.004
SP3218,31.0,0.0,8.0,0.125,0.25,0.375,0.0,1.0,0.0,0.02727272727272727,0.004705882352941176
SP3219,23.0,0.0,1.0,0.0,0.0,0.0,0.0,2.0,0.0,0.024999999999999998,0.005581395348837209
SP3220,36.0,0.0,8.0,0.125,0.25,0.375,0.0,2.0,0.0,0.024999999999999998,0.004285714285714286
SP3221,11.0,0.0,7.0,0.14285714285714285,0.5714285714285714,0.8571428571428571,0.0,4.0,0.0,0.02142857142857143,0.007741935483870968
SP3222,31.0,1.0,2.0,0.5,1.0,1.0,0.0,2.0,0.0,0.024999999999999998,0.02431372549019608
SP3223,7.0,0.0,10.0,0.2,0.4,0.5,0.0,1.0,0.0,0.02727272727272727,0.008888888888888889
SP3224,2.0,0.0,1.0,0.0,1.0,1.0,0.0,1.0,0.0,0.02727272727272727,0.010909090909090908
SP3225,25.0,0.0,5.0,0.2,0.4,0.6,0.0,1.0,0.0,0.02727272727272727,0.005333333333333333
SP3226,14.0,0.0,3.0,0.0,0.6666666666666666,0.3333333333333333,0.0,1.0,0.0,0.02727272727272727,0.007058823529411764
SP3227,28.0,0.0,7.0,0.2857142857142857,0.42857142857142855,0.8571428571428571,0.0,4.0,0.0,0.02142857142857143,0.005
SP3228,24.0,7.0,5.0,0.0,0.8,0.8,0.0,4.0,0.0,0.02142857142857143,0.16454545454545455
SP3230,27.0,0.0,5.0,0.0,0.4,0.4,0.0,3.0,0.0,0.023076923076923075,0.005106382978723404
SP3231,6.0,0.0,7.0,0.14285714285714285,0.42857142857142855,0.5714285714285714,0.0,1.0,0.0,0.02727272727272727,0.00923076923076923
SP3232,36.0,5.0,16.0,0.3125,0.625,0.8125,5.0,7.0,5.0,0.31176470588235294,0.09357142857142857
SP3233,3.0,0.0,4.0,0.25,0.5,1.0,0.0,1.0,0.0,0.02727272727272727,0.010434782608695651
SP3234,23.0,0.0,6.0,0.0,0.16666666666666666,0.6666666666666666,0.0,4.0,0.0,0.02142857142857143,0.005581395348837209
SP3235,31.0,0.0,4.0,0.0,0.75,1.0,0.0,4.0,0.0,0.02142857142857143,0.004705882352941176
SP3237,23.0,0.0,3.0,0.0,0.6666666666666666,0.6666666666666666,0.0,2.0,0.0,0.024999999999999998,0.005581395348837209
SP3238,37.0,0.0,7.0,0.14285714285714285,0.42857142857142855,0.7142857142857143,0.0,3.0,0.0,0.023076923076923075,0.004210526315789474
SP3239,10.0,0.0,6.0,0.16666666666666666,0.3333333333333333,0.3333333333333333,0.0,2.0,0.0,0.024999999999999998,0.008
SP3240,31.0,0.0,7.0,0.14285714285714285,0.5714285714285714,0.7142857142857143,0.0,4.0,0.0,0.02142857142857143,0.004705882352941176
SP3241,37.0,0.0,6.0,0.0,0.3333333333333333,0.8333333333333334,0.0,3.0,0.0,0.023076923076923075,0.004210526315789474
SP3242,40.0,0.0,6.0,0.6666666666666666,0.5,1.0,0.0,4.0,0.0,0.02142857142857143,0.004
SP3243,27.0,0.0,2.0,0.5,0.5,0.5,0.0,2.0,0.0,0.024999999999999998,0.005106382978723404
SP3244,28.0,0.0,10.0,0.1,0.5,0.7,0.0,5.0,0.0,0.02,0.005
SP3245,12.0,0.0,11.0,0.18181818181818182,0.2727272727272727,0.5454545454545454,0.0,3.0,0.0,0.023076923076923075,0.0075
SP3246,31.0,0.0,5.0,0.2,0.6,0.8,0.0,2.0,0.0,0.024999999999999998,0.004705882352941176
SP3247,31.0,0.0,8.0,0.25,0.375,0.75,0.0,3.0,0.0,0.023076923076923075,0.004705882352941176
SP3248,22.0,0.0,5.0,0.6,0.8,0.8,0.0,4.0,0.0,0.02142857142857143,0.005714285714285714
SP3249,32.0,0.0,6.0,0.3333333333333333,0.3333333333333333,0.6666666666666666,0.0,7.0,0.0,0.01764705882352941,0.004615384615384615
SP3250,34.0,0.0,3.0,0.3333333333333333,0.6666666666666666,0.6666666666666666,0.0,3.0,0.0,0.023076923076923075,0.0044444444444444444
SP3251,35.0,0.0,4.0,0.25,0.75,0.75,0.0,2.0,0.0,0.024999999999999998,0.004363636363636364
SP3253,31.0,0.0,3.0,0.0,0.6666666666666666,1.0,0.0,1.0,0.0,0.02727272727272727,0.004705882352941176
SP3254,24.0,0.0,2.0,0.0,0.0,0.5,0.0,2.0,0.0,0.024999999999999998,0.005454545454545454
SP3255,35.0,0.0,4.0,0.0,0.0,0.25,0.0,0.0,0.0,0.03,0.004363636363636364
SP3256,2.0,0.0,3.0,0.3333333333333333,1.0,1.0,0.0,2.0,0.0,0.024999999999999998,0.010909090909090908
SP3257,31.0,0.0,5.0,0.0,0.4,0.6,0.0,2.0,0.0,0.024999999999999998,0.004705882352941176
SP3258,39.0,0.0,6.0,0.16666666666666666,0.6666666666666666,0.8333333333333334,0.0,4.0,0.0,0.02142857142857143,0.004067796610169492
SP3259,34.0,1.0,6.0,0.0,0.5,0.8333333333333334,0.0,5.0,0.0,0.02,0.022962962962962963
SP3260,33.0,0.0,7.0,0.14285714285714285,0.42857142857142855,0.7142857142857143,0.0,4.0,0.0,0.02142857142857143,0.004528301886792453
SP3261,29.0,0.0,7.0,0.14285714285714285,0.42857142857142855,0.5714285714285714,0.0,3.0,0.0,0.023076923076923075,0.004897959183673469
SP3262,32.0,1.0,7.0,0.14285714285714285,0.5714285714285714,0.7142857142857143,0.0,1.0,0.0,0.02727272727272727,0.023846153846153847
SP3263,33.0,0.0,6.0,0.16666666666666666,0.5,0.6666666666666666,0.0,4.0,0.0,0.02142857142857143,0.004528301886792453
SP3264,23.0,0.0,6.0,0.5,0.6666666666666666,1.0,0.0,2.0,0.0,0.024999999999999998,0.005581395348837209
SP3265,33.0,0.0,5.0,0.2,0.6,0.6,0.0,4.0,0.0,0.02142857142857143,0.004528301886792453
SP3266,38.0,0.0,7.0,0.2857142857142857,0.5714285714285714,0.7142857142857143,0.0,5.0,0.0,0.02,0.004137931034482759
SP3267,37.0,0.0,6.0,0.0,0.8333333333333334,1.0,0.0,6.0,0.0,0.01875,0.004210526315789474
SP3268,39.0,0.0,5.0,0.4,0.6,0.6,0.0,3.0,0.0,0.023076923076923075,0.004067796610169492
SP3269,41.0,1.0,9.0,0.2222222222222222,0.4444444444444444,0.5555555555555556,0.0,5.0,0.0,0.02,0.020327868852459016
SP3270,0.0,0.0,2.0,0.0,1.0,0.5,0.0,0.0,0.0,0.03,0.012
SP3271,30.0,0.0,5.0,0.0,0.8,1.0,0.0,2.0,0.0,0.024999999999999998,0.0048
SP3272,35.0,0.0,7.0,0.14285714285714285,0.5714285714285714,0.8571428571428571,0.0,4.0,0.0,0.02142857142857143,0.004363636363636364
SP3273,29.0,0.0,4.0,0.0,0.5,0.5,0.0,2.0,0.0,0.024999999999999998,0.004897959183673469
SP3274,30.0,0.0,5.0,0.0,0.8,0.8,0.0,4.0,0.0,0.02142857142857143,0.0048
SP3275,40.0,0.0,8.0,0.25,0.625,0.875,0.0,7.0,0.0,0.01764705882352941,0.004
SP3276,26.0,0.0,4.0,0.25,0.5,1.0,0.0,2.0,0.0,0.024999999999999998,0.005217391304347826
SP3277,31.0,0.0,4.0,0.25,0.75,0.5,0.0,1.0,0.0,0.02727272727272727,0.004705882352941176
SP3278,39.0,0.0,6.0,0.0,0.3333333333333333,0.8333333333333334,0.0,3.0,0.0,0.023076923076923075,0.004067796610169492
SP3279,38.0,0.0,7.0,0.2857142857142857,0.5714285714285714,0.5714285714285714,0.0,3.0,0.0,0.023076923076923075,0.004137931034482759
SP3280,25.0,0.0,3.0,0.0,0.3333333333333333,0.6666666666666666,0.0,1.0,0.0,0.02727272727272727,0.005333333333333333
SP3281,20.0,0.0,3.0,0.0,0.6666666666666666,0.6666666666666666,0.0,3.0,0.0,0.023076923076923075,0.006
SP3282,25.0,0.0,6.0,0.0,0.3333333333333333,0.5,0.0,1.0,0.0,0.02727272727272727,0.005333333333333333
SP3283,3.0,0.0,4.0,0.25,0.75,0.75,0.0,2.0,0.0,0.024999999999999998,0.010434782608695651
SP3284,32.0,0.0,4.0,0.0,0.5,0.5,0.0,6.0,0.0,0.01875,0.004615384615384615
SP3285,34.0,0.0,3.0,0.0,0.6666666666666666,1.0,0.0,4.0,0.0,0.02142857142857143,0.0044444444444444444
SP3286,0.0,0.0,2.0,0.0,1.0,1.0,0.0,0.0,0.0,0.03,0.012
SP3288,30.0,0.0,8.0,0.5,0.5,0.875,0.0,2.0,0.0,0.024999999999999998,0.0048
SP3289,29.0,0.0,6.0,0.5,0.8333333333333334,1.0,0.0,5.0,0.0,0.02,0.004897959183673469
SP3290,30.0,0.0,2.0,0.0,1.0,1.0,0.0,3.0,0.0,0.023076923076923075,0.0048
SP3291,38.0,2.0,7.0,0.0,0.2857142857142857,0.7142857142857143,0.0,3.0,0.0,0.023076923076923075,0.038620689655172416
SP3292,27.0,7.0,7.0,0.2857142857142857,0.7142857142857143,0.8571428571428571,0.0,3.0,0.0,0.023076923076923075,0.15404255319148938
SP3293,32.0,2.0,6.0,0.16666666666666666,0.5,0.6666666666666666,1.0,4.0,0.0,0.02142857142857143,0.04307692307692308
SP3294,2.0,0.0,4.0,0.25,0.75,0.75,0.0,1.0,0.0,0.02727272727272727,0.010909090909090908
SP3295,5.0,0.0,5.0,0.4,1.0,1.0,0.0,4.0,0.0,0.02142857142857143,0.0096
SP3296,25.0,0.0,5.0,0.4,0.4,0.6,0.0,2.0,0.0,0.024999999999999998,0.005333333333333333
SP3297,40.0,0.0,6.0,0.16666666666666666,0.16666666666666666,0.8333333333333334,0.0,4.0,0.0,0.02142857142857143,0.004
SP3298,27.0,0.0,5.0,0.2,0.6,0.8,0.0,2.0,0.0,0.024999999999999998,0.005106382978723404
SP3299,32.0,0.0,8.0,0.0,0.5,0.375,0.0,4.0,0.0,0.02142857142857143,0.004615384615384615
SP3301,28.0,0.0,8.0,0.125,0.875,0.875,0.0,4.0,0.0,0.02142857142857143,0.005
SP3302,43.0,0.0,11.0,0.2727272727272727,0.6363636363636364,0.7272727272727273,0.0,7.0,0.0,0.01764705882352941,0.0038095238095238095
SP3303,31.0,0.0,3.0,0.3333333333333333,0.6666666666666666,1.0,0.0,1.0,0.0,0.02727272727272727,0.004705882352941176
SP3304,37.0,1.0,8.0,0.25,0.625,0.625,0.0,5.0,0.0,0.02,0.02175438596491228
SP3305,10.0,0.0,10.0,0.1,0.5,0.7,0.0,5.0,0.0,0.02,0.008
SP3306,37.0,1.0,6.0,0.0,0.6666666666666666,0.6666666666666666,0.0,4.0,0.0,0.02142857142857143,0.02175438596491228
SP3308,33.0,0.0,1.0,0.0,0.0,0.0,0.0,2.0,0.0,0.024999999999999998,0.004528301886792453
SP3309,39.0,0.0,5.0,0.2,0.4,0.8,0.0,3.0,0.0,0.023076923076923075,0.004067796610169492
SP3310,25.0,0.0,4.0,0.25,0.5,1.0,0.0,3.0,0.0,0.023076923076923075,0.005333333333333333
SP3311,6.0,0.0,1.0,0.0,0.0,1.0,0.0,0.0,0.0,0.03,0.00923076923076923
SP3312,32.0,0.0,5.0,0.0,0.4,0.8,0.0,2.0,0.0,0.024999999999999998,0.004615384615384615
SP3313,2.0,0.0,2.0,0.0,1.0,1.0,0.0,2.0,0.0,0.024999999999999998,0.010909090909090908
SP3314,32.0,0.0,2.0,1.0,1.0,1.0,0.0,2.0,0.0,0.024999999999999998,0.004615384615384615
SP3315,12.0,0.0,4.0,0.25,1.0,1.0,0.0,4.0,0.0,0.02142857142857143,0.0075
SP3317,30.0,2.0,7.0,0.14285714285714285,0.5714285714285714,0.5714285714285714,0.0,2.0,0.0,0.024999999999999998,0.044800000000000006
SP3318,28.0,4.0,13.0,0.23076923076923078,0.8461538461538461,0.7692307692307693,4.0,9.0,4.0,0.2263157894736842,0.08833333333333333
SP3319,13.0,3.0,12.0,0.3333333333333333,0.6666666666666666,0.8333333333333334,3.0,6.0,3.0,0.20625,0.09818181818181819
SP3320,23.0,0.0,3.0,0.0,1.0,1.0,0.0,4.0,0.0,0.02142857142857143,0.005581395348837209
SP3321,41.0,0.0,7.0,0.14285714285714285,0.2857142857142857,0.42857142857142855,0.0,1.0,0.0,0.02727272727272727,0.003934426229508197
SP3322,26.0,0.0,5.0,0.0,0.6,0.6,0.0,4.0,0.0,0.02142857142857143,0.005217391304347826
SP3323,38.0,1.0,3.0,0.0,0.3333333333333333,0.3333333333333333,0.0,2.0,0.0,0.024999999999999998,0.021379310344827585
SP3324,29.0,1.0,8.0,0.25,0.625,0.75,0.0,4.0,0.0,0.02142857142857143,0.02530612244897959
SP3325,40.0,0.0,8.0,0.0,0.375,0.5,0.0,3.0,0.0,0.023076923076923075,0.004
SP3326,27.0,0.0,6.0,0.5,0.8333333333333334,0.8333333333333334,0.0,4.0,0.0,0.02142857142857143,0.005106382978723404
SP3327,28.0,0.0,6.0,0.16666666666666666,0.16666666666666666,0.5,0.0,1.0,0.0,0.02727272727272727,0.005
SP3328,36.0,0.0,6.0,0.0,0.5,0.8333333333333334,0.0,3.0,0.0,0.023076923076923075,0.004285714285714286
SP3329,34.0,0.0,3.0,0.0,0.6666666666666666,1.0,0.0,3.0,0.0,0.023076923076923075,0.0044444444444444444
SP3330,44.0,0.0,8.0,0.125,0.5,0.875,0.0,4.0,0.0,0.02142857142857143,0.00375
SP3331,34.0,0.0,2.0,0.0,0.5,0.5,0.0,2.0,0.0,0.024999999999999998,0.0044444444444444444
SP3332,33.0,0.0,5.0,0.0,0.2,0.2,0.0,1.0,0.0,0.02727272727272727,0.004528301886792453
SP3333,25.0,0.0,5.0,0.0,0.4,0.6,0.0,4.0,0.0,0.02142857142857143,0.005333333333333333
SP3334,25.0,1.0,6.0,0.0,0.8333333333333334,0.8333333333333334,0.0,5.0,0.0,0.02,0.027555555555555555
SP3335,28.0,0.0,8.0,0.25,0.5,0.5,0.0,2.0,0.0,0.024999999999999998,0.005
SP3336,29.0,0.0,7.0,0.14285714285714285,0.42857142857142855,0.42857142857142855,0.0,3.0,0.0,0.023076923076923075,0.004897959183673469
SP3337,34.0,0.0,8.0,0.0,0.375,0.625,0.0,3.0,0.0,0.023076923076923075,0.0044444444444444444
SP3338,30.0,1.0,9.0,0.2222222222222222,0.6666666666666666,0.7777777777777778,0.0,4.0,0.0,0.02142857142857143,0.0248
SP3339,39.0,0.0,7.0,0.14285714285714285,0.7142857142857143,0.8571428571428571,0.0,7.0,0.0,0.01764705882352941,0.004067796610169492
SP3340,25.0,0.0,5.0,0.4,0.8,1.0,0.0,4.0,0.0,0.02142857142857143,0.005333333333333333
SP3341,32.0,0.0,5.0,0.6,0.4,0.8,0.0,2.0,0.0,0.024999999999999998,0.004615384615384615
SP3342,34.0,0.0,7.0,0.14285714285714285,0.2857142857142857,0.42857142857142855,0.0,2.0,0.0,0.024999999999999998,0.0044444444444444444
SP3343,34.0,0.0,11.0,0.0,0.36363636363636365,0.6363636363636364,0.0,4.0,0.0,0.02142857142857143,0.0044444444444444444
SP3345,35.0,0.0,9.0,0.3333333333333333,0.7777777777777778,0.7777777777777778,0.0,7.0,0.0,0.01764705882352941,0.004363636363636364
SP3347,26.0,0.0,6.0,0.16666666666666666,0.3333333333333333,0.5,0.0,1.0,0.0,0.02727272727272727,0.005217391304347826
SP3348,35.0,0.0,4.0,0.25,0.5,0.5,0.0,3.0,0.0,0.023076923076923075,0.004363636363636364
SP3349,40.0,0.0,8.0,0.125,0.625,0.875,0.0,6.0,0.0,0.01875,0.004
SP3350,31.0,9.0,5.0,0.2,0.8,0.8,0.0,2.0,0.0,0.024999999999999998,0.1811764705882353
SP3351,34.0,0.0,9.0,0.0,0.4444444444444444,0.5555555555555556,0.0,4.0,0.0,0.02142857142857143,0.0044444444444444444
SP3352,40.0,0.0,6.0,0.16666666666666666,0.3333333333333333,0.8333333333333334,0.0,3.0,0.0,0.023076923076923075,0.004
SP3353,5.0,0.0,5.0,0.2,0.4,0.6,0.0,2.0,0.0,0.024999999999999998,0.0096
SP3354,36.0,0.0,1.0,1.0,1.0,1.0,0.0,2.0,0.0,0.024999999999999998,0.004285714285714286
SP3355,42.0,0.0,8.0,0.125,0.5,0.625,0.0,3.0,0.0,0.023076923076923075,0.003870967741935484
SP3356,39.0,0.0,5.0,0.2,0.6,1.0,0.0,5.0,0.0,0.02,0.004067796610169492
SP3358,44.0,1.0,8.0,0.0,0.5,0.625,0.0,4.0,0.0,0.02142857142857143,0.019375
SP3359,28.0,0.0,7.0,0.14285714285714285,0.2857142857142857,0.5714285714285714,0.0,1.0,0.0,0.02727272727272727,0.005
SP3360,47.0,0.0,10.0,0.4,0.4,0.6,0.0,5.0,0.0,0.02,0.003582089552238806
SP3361,31.0,0.0,4.0,0.5,0.5,0.75,0.0,3.0,0.0,0.023076923076923075,0.004705882352941176
SP3362,34.0,0.0,7.0,0.14285714285714285,0.7142857142857143,0.8571428571428571,0.0,2.0,0.0,0.024999999999999998,0.0044444444444444444
SP3363,34.0,0.0,4.0,0.5,0.0,0.75,0.0,0.0,0.0,0.03,0.0044444444444444444
SP3364,28.0,0.0,8.0,0.0,0.25,0.75,0.0,3.0,0.0,0.023076923076923075,0.005
SP3365,32.0,1.0,4.0,0.0,0.5,1.0,0.0,6.0,0.0,0.01875,0.023846153846153847
SP3366,24.0,0.0,4.0,0.0,0.0,0.75,0.0,0.0,0.0,0.03,0.005454545454545454
SP3367,20.0,0.0,8.0,0.375,0.75,1.0,0.0,1.0,0.0,0.02727272727272727,0.006
SP3368,33.0,0.0,5.0,0.0,0.2,0.4,0.0,3.0,0.0,0.023076923076923075,0.004528301886792453
SP3369,41.0,0.0,8.0,0.125,0.625,0.5,0.0,4.0,0.0,0.02142857142857143,0.003934426229508197
SP3370,32.0,0.0,2.0,0.0,0.5,0.5,0.0,2.0,0.0,0.024999999999999998,0.004615384615384615
SP3371,29.0,1.0,7.0,0.0,0.5714285714285714,0.8571428571428571,0.0,8.0,0.0,0.016666666666666666,0.02530612244897959
SP3372,30.0,0.0,5.0,0.2,0.2,0.6,0.0,1.0,0.0,0.02727272727272727,0.0048
SP3373,36.0,1.0,9.0,0.1111111111111111,0.4444444444444444,0.5555555555555556,0.0,5.0,0.0,0.02,0.02214285714285714
SP3374,30.0,0.0,2.0,0.0,0.5,0.5,0.0,2.0,0.0,0.024999999999999998,0.0048
SP3375,2.0,0.0,5.0,0.0,0.4,0.6,0.0,0.0,0.0,0.03,0.010909090909090908
SP3376,37.0,12.0,5.0,0.0,0.6,0.6,0.0,3.0,1.0,0.1,0.21473684210526317
SP3377,37.0,0.0,6.0,0.0,0.3333333333333333,0.5,0.0,3.0,0.0,0.023076923076923075,0.004210526315789474
SP3378,34.0,0.0,5.0,0.0,0.6,0.6,0.0,3.0,0.0,0.023076923076923075,0.0044444444444444444
SP3379,38.0,1.0,6.0,0.16666666666666666,0.5,0.8333333333333334,0.0,2.0,0.0,0.024999999999999998,0.021379310344827585
